yyyy-mm-dd,WMT,CLX,JNJ,PG,ROKU,CHTR,VZ,PTON,UBER,LYFT,SFM,KR,NFLX,GRUB,AMZN,CPB,ZM,MSFT,COST,BUD,USO,DJI,SBUX,MCD,DAL,UAL,PLNT,EQX,CCL,HLT,MAR,EXPE,CVS,ANTM
2020-03-13,114.1000,167.7700,134.2900,114.0700,80.9500,454.1900,54.1700,19.7200,22.6000,24.1700,14.5500,30.7100,336.2950,37.8700,1785.0000,49.2800,107.4700,158.8300,302.2700,44.2900,6.9600,23185.6191,69.9200,177.1300,38.3600,41.6400,53.9800,5.7500,17.5800,78.6300,95.6100,69.6300,59.6400,270.3400
2020-03-12,104.0500,158.7000,125.4100,101.8400,78.8100,427.5400,51.2000,19.5100,22.6100,23.8800,13.3200,29.1200,315.2500,35.5000,1676.6100,47.6800,109.4700,139.0600,279.8500,44.0100,6.5400,21200.6191,62.1000,170.1300,33.7100,37.0800,48.3200,5.8600,14.9700,76.7200,93.7100,65.0400,54.6000,256.2100
2020-03-11,114.4300,169.4000,131.8000,111.5900,90.6300,450.6500,54.8300,22.0000,26.2400,29.0100,16.0700,30.5900,349.9200,42.6300,1820.8600,50.4700,110.3000,153.6300,297.4300,49.2000,6.9400,23553.2207,68.3000,188.2500,42.6700,49.3400,57.0000,6.6200,21.7500,81.0900,100.1100,76.6700,61.3100,281.6900
2020-03-10,119.7900,175.0000,141.6400,120.5500,97.3000,476.7600,56.5200,22.9700,28.9700,32.8900,16.7200,32.6000,364.1300,48.7300,1891.8200,51.2600,108.4900,160.9200,309.4000,51.1300,7.2400,25018.1602,74.8700,199.8600,45.4700,52.5600,62.6300,7.7000,24.0200,90.3200,109.9800,85.9300,62.6000,286.0500
2020-03-09,117.1600,174.9000,136.4400,116.0600,96.2600,463.2100,55.8300,23.2100,28.1700,32.8100,16.4700,31.2500,346.4900,49.7200,1800.6100,50.2000,113.7500,150.6200,301.9800,48.3000,6.5200,23851.0195,70.8300,186.8600,43.5200,46.7800,56.6500,7.7200,21.7400,86.1800,104.1900,86.3000,61.3000,269.8200
2020-03-06,117.2300,173.2600,142.0300,121.6600,102.0200,496.7200,56.8700,24.9800,31.6800,36.0200,17.2300,32.0400,368.9700,51.9000,1901.0900,51.7600,114.3200,161.5700,311.3400,53.8000,8.7300,25864.7793,75.3400,198.8600,45.8900,52.1000,64.3500,8.7500,27.1500,90.4500,110.6600,91.8500,64.1500,282.1900
2020-03-05,115.9200,175.8500,142.0100,121.6300,106.4400,505.1400,57.1600,27.1000,32.2100,37.0800,17.2500,33.4700,372.7800,51.6200,1924.0300,53.1000,125.0000,166.2700,315.7600,55.5700,9.6100,26121.2793,76.1900,198.3200,45.0100,51.5900,62.5000,8.9900,27.8700,91.5000,110.2200,91.5100,64.3600,287.1600
2020-03-04,116.7700,172.5200,143.4800,124.5000,109.6100,522.8400,58.1200,27.2500,34.5300,40.2700,16.8200,30.9600,383.7900,52.7600,1975.8300,52.7200,116.8000,170.5500,320.7400,57.8100,9.8600,27090.8594,79.6700,207.0200,48.5000,59.4700,69.8800,8.4000,32.4600,98.3900,118.3300,97.1400,66.0400,296.4200
2020-03-03,112.9100,167.8700,135.5900,118.1700,108.6200,495.0300,55.7000,26.6850,33.0400,36.9700,16.4450,29.3400,368.7700,48.9300,1908.9900,47.8800,117.4700,164.5100,302.7300,56.6500,9.8900,25917.4102,78.6000,199.5100,46.1800,58.2900,67.8500,8.1100,31.8300,93.3300,114.2800,95.1900,62.5400,256.3800
2020-03-02,115.8800,172.0100,140.0200,119.5600,114.6700,497.1300,57.3200,27.9200,32.8500,36.9100,16.6200,29.6800,381.0500,48.5500,1953.9500,47.9800,113.1100,172.7900,309.1400,58.6000,9.9200,26703.3203,82.3800,202.5500,47.1600,61.2600,68.4800,7.7200,33.0600,96.4600,122.9600,96.7300,64.0300,271.2700
2020-02-28,107.6800,159.4200,134.4800,113.2300,113.6700,493.1700,54.1600,26.6900,33.8700,38.1200,15.9800,28.1300,369.0300,48.1100,1883.7500,45.1200,105.0000,162.0100,281.1400,58.3700,9.4500,25409.3594,78.4300,194.1700,46.1300,61.5900,67.4900,7.3000,33.4600,97.2000,124.0000,98.6200,59.1800,257.0900
2020-02-27,110.4000,168.7000,139.1200,113.5000,110.0300,508.5500,55.0600,28.7200,32.4500,37.7800,16.4500,28.3600,371.7100,46.1800,1884.3000,45.7000,113.5500,158.1800,293.1300,60.2100,9.7800,25766.6406,78.2900,201.0000,48.1900,64.9400,72.0700,8.0800,31.8500,95.8300,119.6400,98.7100,59.3300,257.8600
2020-02-26,113.7800,168.0300,143.6800,120.1600,112.7100,518.0900,57.1400,29.1900,34.4500,39.8600,16.1100,28.7500,379.2400,49.3700,1979.5900,46.6400,106.8800,170.1700,305.6900,66.2900,10.1900,26957.5898,80.6700,210.1000,49.5900,66.5300,75.7700,8.9800,33.1400,97.9000,120.1900,101.1900,62.6500,268.1500
2020-02-25,114.3900,167.8500,144.6500,121.4300,118.6700,517.9900,57.1200,27.1100,35.8900,41.8200,16.7500,29.6700,360.0900,51.9900,1972.7400,47.8800,107.0800,168.0700,304.8700,66.9200,10.4000,27081.3594,82.1900,212.1000,50.8900,70.5700,81.1700,8.8100,35.8400,98.8800,124.0800,108.9100,64.3300,267.4000
2020-02-24,116.3200,167.1900,145.9100,123.3000,116.9900,528.7000,57.9900,26.5000,38.3100,42.5200,17.3600,30.2700,368.7000,54.5700,2009.2900,48.0200,105.0100,170.8900,313.6200,69.3600,10.7400,27960.8008,84.5200,213.5200,54.2300,75.4700,84.2400,9.5900,37.7600,104.0200,134.8300,112.3100,67.9200,277.5000
2020-02-21,118.5800,164.6400,149.9300,126.7000,119.3800,535.3400,58.2000,25.4900,40.7200,44.7000,17.9900,30.3100,380.0700,55.9400,2095.9700,47.9600,101.7600,178.5900,321.9500,71.6000,11.1600,28992.4102,87.3600,215.8700,57.8700,78.0100,87.5200,9.7000,41.6900,109.5700,143.2400,120.1200,71.5100,294.7100
2020-02-20,117.6900,164.1700,148.3700,126.5800,124.0800,539.2200,58.0900,26.9800,40.9200,45.4700,16.0450,29.7800,386.0000,58.2900,2153.1000,47.7400,105.2900,184.4200,324.0800,73.2600,11.2800,29219.9805,88.6000,215.0800,58.3800,79.9100,88.0400,9.4900,42.5000,112.0000,146.8400,121.6600,71.9400,293.9400
2020-02-19,117.6800,164.8400,148.9400,125.4400,126.5600,542.4600,58.2200,27.1000,41.0500,46.2400,15.8600,29.5400,386.1900,54.5800,2170.2200,47.7900,103.9300,187.2800,323.0200,73.6000,11.1800,29348.0293,90.1400,215.6300,58.5100,79.4200,87.8500,9.6300,43.3400,112.6700,147.6300,121.8800,71.7800,304.0600
2020-02-18,119.6300,164.8200,149.1400,124.8700,127.1500,537.6000,57.9100,27.0800,40.1800,45.1000,15.9700,29.7100,387.7800,52.1600,2155.6700,48.2000,96.3900,187.2300,322.0500,73.5000,10.9500,29232.1895,89.2300,216.1500,58.7200,80.2400,87.9400,9.3200,42.9200,111.9300,144.9400,121.1000,72.0000,302.4500
2020-02-14,117.8900,164.8300,150.1300,126.1400,130.2500,534.8900,58.5100,27.6600,39.6600,44.6900,15.4500,28.2300,380.4000,50.3900,2134.8700,48.6400,90.9500,185.3500,318.3100,73.4500,10.9500,29398.0801,89.2800,217.0900,58.9000,79.5500,86.4600,8.9000,42.6000,113.2300,144.9000,122.8000,71.3700,297.8200
2020-02-13,117.4400,164.7700,150.0900,124.9600,139.0500,534.7300,58.6500,28.8500,40.0900,47.0300,15.4500,28.6300,381.4000,51.1200,2149.8700,48.3600,89.8600,183.7100,318.2000,73.7000,10.8400,29423.3105,89.9250,217.4200,59.1300,80.9900,84.5000,8.6400,43.2000,112.9600,146.7200,110.5900,72.0000,298.8700
2020-02-12,115.8500,164.2300,151.0900,123.4500,138.2900,534.0000,58.2300,28.3400,41.2500,48.4600,15.4300,28.6900,380.0100,51.8200,2160.0000,48.1800,88.2800,184.7100,315.1200,74.0600,10.8100,29551.4199,88.5700,217.4600,59.4700,82.2000,84.6500,8.4300,44.0600,113.7000,150.7800,110.9700,73.7500,296.0000
2020-02-11,115.4000,164.7600,151.9900,124.1600,137.0000,530.9400,58.6900,28.6500,41.2700,53.9400,15.1500,28.4400,373.6900,51.8200,2150.8000,48.7300,88.6800,184.4400,310.6800,74.0300,10.5000,29276.3398,87.5100,215.7300,58.6600,80.5300,83.1200,8.2600,42.9500,112.9400,147.1900,109.2000,73.8500,279.9100
2020-02-10,115.2500,167.6600,151.8600,126.1700,132.2100,530.3400,60.2400,28.6000,40.0100,53.7200,14.7800,28.1400,371.0700,52.8400,2133.9100,48.7000,89.6700,188.7000,313.7900,74.5900,10.4200,29276.8203,87.5300,213.2100,57.7100,79.4700,82.8700,8.4400,41.7800,111.3700,145.7300,108.7100,73.2500,276.5500
2020-02-07,116.4500,166.2300,151.8900,126.0800,124.2500,525.2100,59.9400,27.8600,40.6300,49.9200,14.9300,27.9600,366.7700,50.5600,2079.2800,48.8800,88.6400,183.8900,313.6300,74.8000,10.5800,29102.5098,86.4200,211.6100,57.9200,79.4800,82.5800,8.1800,42.2000,110.8400,144.0700,110.0900,71.5600,276.4800
2020-02-06,116.3100,165.0700,153.5300,127.1400,126.1600,526.5600,59.4400,29.0000,37.0900,47.4200,15.1200,28.0500,366.9500,54.6200,2050.2300,48.1600,87.2600,183.6300,310.6100,76.5700,10.7400,29379.7695,86.1500,212.8700,58.1800,80.5000,82.3400,8.2800,43.7800,112.7000,146.2200,111.7500,70.8400,282.3300
2020-02-05,116.8100,165.3400,153.9900,126.8100,125.9400,522.1800,59.1300,32.7000,36.8100,48.0600,15.3600,28.0800,369.6700,55.6000,2039.8700,49.0000,86.9900,179.9000,308.9500,76.6700,10.7000,29290.8496,87.5600,214.3700,58.8900,81.8500,81.6700,8.1800,44.1400,113.2600,147.7100,111.1000,70.5400,287.3300
2020-02-04,115.2700,163.6200,151.6000,125.6600,131.0300,531.7500,58.2900,33.4700,38.5300,50.0000,14.5200,27.3900,369.0100,55.9700,2049.6700,48.6600,85.7900,180.1200,304.9000,76.2900,10.4400,28807.6309,88.3800,214.6200,57.9300,78.8900,82.6800,8.0100,43.5600,110.9400,147.4000,110.6600,67.8800,273.3700
2020-02-03,114.2700,155.8400,150.1700,125.1100,127.5000,532.0500,58.0500,33.3700,37.5900,47.9600,14.8300,26.9800,358.0000,53.7800,2004.2000,48.8700,87.6600,174.3800,302.0000,75.0900,10.4900,28399.8105,86.0100,215.1800,56.0400,74.9100,81.5800,8.2400,42.7500,107.8500,141.4800,107.8000,66.9300,266.4300
2020-01-31,114.4900,157.3100,148.8700,124.6200,120.9500,517.4600,59.4400,32.3600,36.2900,47.4800,15.6300,26.8600,345.0900,54.1500,2008.7200,48.3900,76.3000,170.2300,305.5200,75.3000,10.8400,28256.0293,84.8300,213.9700,55.7400,74.8000,80.7900,8.4100,43.5300,107.8000,140.0600,108.4500,67.8200,265.2800
2020-01-30,116.5800,155.8600,150.3600,125.9500,130.6400,492.9800,59.3600,32.2600,36.6800,47.7900,15.7900,27.5500,347.7400,55.9000,1870.6800,49.0300,74.5400,172.7800,309.4700,76.1700,11.0800,28859.4395,85.8400,216.1800,57.1000,77.7500,81.4200,8.3900,44.7500,109.0700,143.3100,109.1000,69.7100,265.8900
2020-01-29,115.8900,155.2100,150.5400,125.0600,128.8800,490.7400,59.5300,31.5000,36.9900,46.8400,15.7100,27.4500,343.1600,56.3000,1858.0000,48.3400,73.5800,168.0400,309.5800,75.9700,11.1600,28734.4492,86.7200,214.4400,56.6500,75.2100,80.2500,8.3200,46.5000,110.0100,142.6100,109.5500,70.5500,272.9100
2020-01-28,116.6000,156.0700,149.5000,126.0300,129.6100,499.3400,60.7000,31.3800,37.0100,48.2100,16.3400,28.3300,348.5200,57.2000,1853.2500,48.8800,71.5100,165.4600,310.8500,76.2600,11.2500,28722.8496,88.6000,210.3900,57.4800,77.0500,79.7000,8.2600,46.5000,107.8600,141.2500,109.1100,71.8200,290.3200
2020-01-27,115.8600,159.9600,148.7500,125.6900,126.2100,504.0800,59.9100,31.2500,36.3000,47.3600,16.5800,28.3300,342.8800,56.9000,1828.3400,48.7700,70.4400,162.2800,309.4500,75.5800,11.1000,28535.8008,88.7300,209.3400,56.8300,77.6300,78.5400,8.2900,45.2700,104.9400,138.0000,109.0800,70.9700,283.7900
2020-01-24,114.3700,158.2800,148.3200,125.1400,130.0900,504.6700,60.2800,30.5000,36.8000,48.4300,17.0300,28.1900,353.1600,58.5700,1861.6400,48.7900,73.0000,165.0400,310.5100,77.7400,11.4300,28989.7305,92.0300,211.2400,58.8100,81.9000,78.5200,8.4200,47.5200,108.4900,141.0200,112.1400,71.4300,297.2800
2020-01-23,115.8100,159.0700,148.5300,124.9900,134.0700,513.1400,60.5100,30.0600,37.4000,48.4800,17.2900,28.4400,349.6000,57.7400,1884.5800,48.9600,74.4700,166.7200,312.8800,78.2600,11.6600,29160.0898,93.7500,213.4200,60.2700,84.8800,78.1500,8.3800,49.4500,110.9600,144.9600,113.7300,73.5300,304.4000
2020-01-22,116.1000,159.6300,148.2500,126.3100,132.4300,510.7600,60.4800,30.6800,37.0400,47.4700,17.3100,28.3700,326.0000,56.3700,1887.4600,48.5700,75.6100,165.7000,311.8900,78.1100,11.9000,29186.2695,92.5300,211.4400,59.6400,83.3400,79.0600,8.2900,49.8800,110.8500,144.1200,110.0300,74.0100,303.5100
2020-01-21,115.5900,159.1000,149.2700,126.0900,136.6300,503.5900,60.3200,32.0000,37.6000,47.9800,17.3500,28.4100,338.1100,55.6800,1892.0000,48.5600,76.7300,166.5000,313.2600,78.8100,12.2400,29196.0391,92.5300,211.1600,60.3400,85.7900,78.9000,8.4500,50.6900,110.6200,144.3700,110.1700,74.5900,305.9900
2020-01-17,114.9600,157.7000,149.1700,126.4100,130.3800,502.7300,60.1300,31.7000,35.1300,46.5200,17.5900,28.1500,339.6700,55.9800,1864.7200,48.0200,75.5600,167.1000,304.6800,80.0300,12.3300,29348.0996,93.6200,211.9800,62.0300,89.7000,79.7500,8.3200,51.9000,113.9200,150.2600,111.8200,76.0200,305.3900
2020-01-16,115.9000,157.1300,148.2000,126.0700,131.0700,508.7800,59.6700,30.8300,34.6800,46.8300,17.8500,28.0800,338.6200,56.2500,1877.9400,48.0900,76.1100,166.1700,303.0300,79.6700,12.2900,29297.6406,92.5800,210.8500,61.8800,89.5400,79.1700,8.4100,51.3500,111.6000,149.0200,111.7400,76.0500,305.0500
2020-01-15,115.2800,156.6700,147.0100,125.9600,132.5000,515.4000,59.1000,30.8600,35.0100,47.0800,17.8200,28.2900,339.0700,55.1900,1862.0200,47.7800,76.9400,163.1800,300.8200,80.1700,12.1800,29030.2207,91.5400,209.7700,61.6200,88.2900,79.0200,8.8200,50.4400,109.6300,147.3000,110.7400,75.2700,301.5500
2020-01-14,116.1800,156.2500,146.5200,124.6900,133.4200,509.6200,59.0400,29.6900,34.8400,47.6800,17.7000,28.8400,338.6900,54.6800,1869.4400,47.5400,73.1600,162.1300,299.7500,80.0100,12.2800,28939.6699,90.9900,207.3200,61.4500,87.8500,79.8800,8.3900,50.2100,109.0900,147.1500,110.4100,73.8300,296.8800
2020-01-13,115.8800,156.2000,145.7000,124.8800,133.9300,510.1500,59.1500,28.5300,34.1400,46.3500,17.3400,28.4200,338.9200,53.6900,1891.3000,47.7200,74.0300,163.2800,299.8700,81.2800,12.2000,28907.0508,91.0800,206.5100,59.4900,86.8900,79.0400,7.9800,49.3600,109.2900,146.8000,110.5900,72.7600,296.7400
2020-01-10,116.3800,153.6700,145.0600,123.9700,128.4000,505.0300,58.9900,28.0100,34.0100,46.0600,17.7500,28.3600,329.0500,52.3800,1883.1600,47.7300,73.0900,161.3400,297.2400,81.4900,12.4100,28823.7695,90.1600,207.2700,59.2400,87.3100,77.2200,7.9500,48.8500,108.6000,145.3900,110.6900,72.1100,307.7400
2020-01-09,117.3600,152.8000,145.3900,123.8500,133.7900,507.2800,58.8500,27.8700,33.9700,45.5900,18.0200,28.4400,335.6600,55.7300,1901.0500,47.6200,72.6200,162.0900,299.4200,80.9800,12.4900,28956.9004,90.5300,208.3500,58.9600,87.9500,76.8600,7.5100,49.2000,109.0900,146.4500,109.7600,72.8600,306.4100
2020-01-08,116.1600,151.9700,144.9600,122.5100,134.6400,500.7700,59.7100,29.6500,33.9300,45.0800,18.3200,28.4200,339.2600,54.7500,1891.9700,47.3500,72.5500,160.0900,294.6900,81.9800,12.6600,28745.0898,88.8800,205.9100,58.8500,87.3000,76.3200,7.7000,48.7600,109.2100,146.7300,108.6200,72.6600,307.4800
2020-01-07,116.5600,151.5200,144.9800,121.9900,138.1900,499.1600,59.6000,30.4000,32.8100,44.2500,18.3400,28.5900,330.7500,48.6300,1906.8600,48.1900,71.9000,157.5800,291.3500,81.6100,13.1300,28583.6797,87.8600,202.6300,57.6100,86.7700,76.3300,7.9300,48.5300,108.2900,144.9400,110.0200,73.5800,299.5400
2020-01-06,117.6500,153.3700,144.1000,122.7500,143.3700,497.4500,60.2700,29.7500,31.5800,43.1000,18.6850,28.8000,335.8300,49.2500,1902.8800,48.5100,70.3200,159.0300,291.8100,83.3300,13.1600,28703.3809,88.1300,202.3300,57.6600,87.7000,75.0400,7.7100,48.3800,109.4200,147.3400,108.7400,73.8600,300.4500
2020-01-03,117.8900,152.9100,144.2800,122.5800,137.5100,494.4700,60.4000,30.6000,31.3700,43.1900,18.4950,28.7000,325.9000,47.1700,1874.9700,48.4300,67.2800,158.6200,291.7300,82.7500,13.1800,28634.8809,88.8300,200.0800,58.0600,87.9000,75.6400,7.5000,49.8900,109.9900,149.2700,109.1300,73.5700,296.8800
2020-01-02,118.9400,152.6100,145.9700,123.4100,137.1000,490.4300,61.0500,29.7400,30.9900,43.5800,18.5900,28.6600,329.8100,47.2400,1898.0100,48.4900,68.7200,160.6200,291.4900,83.4500,12.8100,28868.8008,89.3500,200.7900,59.0400,89.7400,75.0800,7.8400,51.3100,111.4500,151.4900,110.9800,74.1600,300.8700
2019-12-31,118.8400,153.5400,145.8700,124.9000,133.9000,485.0800,61.4000,28.4000,29.7400,43.0200,19.3500,28.9900,323.5700,48.6400,1847.8400,49.4200,68.0400,157.7000,293.9200,82.0400,12.8100,28538.4395,87.9200,197.6100,58.4800,88.0900,74.6800,7.7000,50.8300,110.9100,151.4300,108.1400,74.2900,302.0300
2019-12-30,119.4000,152.8800,145.3000,124.4700,131.6000,483.0800,61.2100,27.6900,29.7400,43.5000,19.5350,29.0600,323.3100,48.3000,1846.8900,49.2500,66.7900,157.5900,295.1400,82.3800,12.8900,28462.1406,87.4400,196.9100,58.6600,87.9600,74.1900,7.7500,51.0200,111.3700,151.8700,107.7700,73.7000,305.3100
2019-12-27,119.5900,153.5300,145.7500,126.0900,139.5200,483.6900,61.5300,27.0000,30.1700,45.8400,19.5100,28.7600,329.0900,49.0600,1869.8000,49.4600,66.6400,158.9600,294.1100,83.1200,12.9100,28645.2598,88.1300,198.1700,59.0800,88.3700,75.4900,7.6400,51.3300,112.3900,152.7300,108.3200,74.4000,306.4200
2019-12-26,119.5200,152.9400,145.8300,125.2200,144.6000,485.7300,61.2900,27.0000,30.6700,45.7300,19.7100,28.8900,332.6300,49.0600,1868.7700,49.0200,67.4500,158.6700,295.7300,82.3700,12.8900,28621.3906,88.0750,197.0600,59.5600,89.2600,74.8200,7.6800,51.3300,111.9400,153.1300,109.0700,74.4800,304.7600
2019-12-24,119.5100,152.4800,145.9300,125.2200,145.5700,480.8600,61.2800,28.7500,30.4400,45.7000,19.8300,29.1000,333.2000,48.5800,1789.2100,49.2300,66.4600,157.3800,294.2300,81.6100,12.7700,28515.4492,88.5200,196.6700,59.3900,89.1500,74.3400,7.1400,50.9400,111.3700,151.5000,108.7700,74.5100,304.5000
2019-12-23,119.0300,152.3400,146.4400,124.9000,140.1400,480.7200,61.4000,29.2200,30.3300,45.5400,19.7000,28.8900,333.1000,48.6300,1793.0000,49.1100,66.1500,157.4100,293.3100,81.8600,12.7000,28551.5293,88.2300,196.2000,59.4400,89.4400,74.1700,7.1000,51.2600,111.2800,151.2400,108.0000,74.3800,303.1800
2019-12-20,120.2900,152.6600,146.0600,125.3600,136.8900,476.2200,62.0700,29.9900,30.4500,47.9200,19.7400,29.0000,336.9000,48.9800,1786.5000,49.1700,66.9300,157.4100,294.8300,81.9900,12.6300,28455.0898,88.4600,197.1400,58.9700,89.2800,73.5600,7.0900,50.2100,111.4200,150.8000,110.0800,74.5800,303.0000
2019-12-19,120.0800,151.4800,145.3500,124.9200,137.7300,475.6700,60.8000,31.9300,29.9900,46.2800,19.9000,28.7600,332.2200,48.5000,1792.2800,48.2200,68.1800,155.7100,293.7100,80.5100,12.7800,28376.9609,88.5200,197.0600,59.1400,89.2200,73.3800,6.8100,46.6500,110.3400,150.0400,109.1000,74.1000,298.2200
2019-12-18,119.8600,149.8200,143.1900,124.0100,134.4400,466.5200,60.8600,31.8900,30.1300,47.0100,19.9200,28.3300,320.8000,46.4800,1784.0300,48.2200,67.6000,154.3700,291.8700,80.4800,12.7400,28239.2793,87.9900,195.6300,58.5800,88.8400,73.2500,6.5700,46.5800,109.2500,149.5500,110.5000,73.2800,293.1800
2019-12-17,121.2800,150.0800,143.5600,125.3100,135.2800,471.1300,61.4900,32.9300,29.7500,47.5000,19.9900,28.7000,315.4800,45.7900,1790.6600,47.7600,66.1700,154.6900,295.5500,79.5100,12.7200,28267.1602,88.1300,196.5200,58.6900,89.3600,72.8900,6.5400,47.2000,108.8000,148.9100,111.5100,73.3500,290.7400
2019-12-16,120.5400,151.5900,141.7900,125.5600,138.3500,470.2300,61.2300,31.3400,30.0500,47.9300,19.7600,28.3100,304.2100,45.0200,1769.2100,47.9600,66.3500,155.5300,293.5000,80.0100,12.5900,28235.8906,88.7800,197.8800,58.4200,88.6300,73.4100,6.2300,46.9900,108.4800,147.9000,114.2300,74.4000,291.7800
2019-12-13,120.2900,151.7000,141.3800,125.4700,132.4900,475.2700,60.8100,31.5300,28.4900,46.7500,19.6200,28.0900,298.5000,43.5400,1760.9400,47.8600,63.5400,154.5300,291.8700,77.9100,12.4900,28135.3809,88.6700,197.1200,56.7300,87.5800,72.6700,6.2000,47.4500,107.2000,146.1600,112.7600,73.5900,284.1200
2019-12-12,119.7600,152.2600,141.3400,124.5700,139.5700,469.6000,61.1700,30.8500,28.6900,46.6000,19.9800,28.2000,298.4400,42.5800,1760.3300,47.7100,62.4900,153.2400,297.3400,77.7700,12.3700,28132.0508,88.2100,196.3100,56.6900,88.4700,72.5400,6.0200,46.9000,106.5200,145.1000,113.5000,74.2600,284.4200
2019-12-11,119.0000,152.1300,140.9800,124.6600,145.7000,465.8700,61.0800,32.0300,28.4200,47.3600,19.7300,28.0200,298.9300,40.2100,1748.7200,47.9800,63.5200,151.7000,295.3000,78.7700,12.3000,27911.3008,86.5900,194.7200,55.0800,87.0200,74.1900,6.0700,45.7900,105.7000,142.7500,111.9600,73.3500,280.6000
2019-12-10,119.1400,152.4300,139.9900,124.2700,147.0900,461.7100,61.2300,32.7800,27.8900,45.2600,20.0400,27.8700,293.1200,39.0400,1739.2100,48.3900,64.5700,151.1300,295.7800,78.1500,12.3900,27881.7207,86.0400,194.9500,55.5300,86.5100,73.9900,5.9900,45.3200,104.7000,140.5700,111.8500,73.1800,283.8500
2019-12-09,119.3600,152.7500,140.5000,124.8700,145.5400,468.6600,61.0100,34.7700,27.6800,45.4200,20.3700,27.8400,302.5000,39.5700,1749.5100,48.2400,65.9400,151.3600,295.1600,78.9000,12.3300,27909.5996,86.2800,194.6800,55.8000,87.6100,74.1000,5.8700,45.4100,104.7500,141.3500,108.8000,74.9900,282.3300
2019-12-06,119.7800,151.8600,140.3800,124.1900,144.2600,467.8500,61.1900,32.6300,27.8600,45.2000,20.1200,27.4900,307.3500,41.0100,1751.6000,47.7500,62.7400,151.7500,294.9450,79.3600,12.3200,28015.0605,86.3200,195.3500,56.1400,88.5800,74.4800,5.9600,44.7700,105.4700,142.2900,107.5800,75.3600,285.2700
2019-12-05,118.6600,150.7900,139.5600,124.6200,148.3400,467.2700,60.8200,31.3100,28.6500,45.0650,19.8800,26.8000,302.8600,40.1500,1740.4800,47.6300,69.6700,149.9300,293.1000,78.6300,12.1900,27677.7891,84.4500,194.2100,55.8800,87.8600,75.5200,6.1200,44.2000,104.9100,140.3000,105.6800,74.4800,286.3000
2019-12-04,118.6900,150.3000,139.3800,124.5300,150.5800,462.0500,60.5300,32.9600,29.0600,47.3150,20.1000,27.6400,304.3200,42.5300,1760.6900,48.4700,69.9600,149.8500,296.5200,79.4000,12.1900,27649.7793,85.4000,194.3100,56.0600,88.1700,72.9500,6.0800,43.8800,104.1800,139.2600,105.5600,75.0000,287.3800
2019-12-03,118.6700,147.9500,137.1600,122.9500,144.6300,469.8600,60.1400,33.4800,29.0200,47.5100,20.2200,27.3900,306.1600,42.9100,1769.9600,47.5800,70.0200,149.3100,295.6700,78.9200,11.7600,27502.8105,84.8200,193.1200,55.6200,88.8700,73.6300,6.1100,43.5400,103.9500,138.5600,99.3900,74.7100,286.1900
2019-12-02,119.2800,148.9300,137.3600,122.7200,136.0700,470.3300,59.9600,36.8400,28.9800,47.3900,20.1400,27.7400,309.9900,42.2600,1781.6000,47.1400,68.9300,149.5500,297.3900,79.2800,11.6700,27783.0391,84.5700,195.1800,56.7500,91.6300,73.8700,6.0900,44.4900,104.7500,140.4300,100.7500,75.5500,287.4300
2019-11-29,119.0900,148.2300,137.4900,122.0600,160.3700,470.0100,60.2400,35.2300,29.6000,48.9800,19.8000,27.3400,314.6600,43.1200,1800.8000,46.5700,74.5000,151.3800,299.8100,79.3500,11.6200,28051.4102,85.4300,194.4800,57.3100,92.8000,73.9200,5.8500,45.0800,105.0000,140.3600,101.6600,75.2700,288.6600
2019-11-27,118.7600,148.9500,137.7500,121.7600,161.6400,473.7800,60.1000,32.1600,29.4900,49.3700,19.4500,27.2300,315.9300,43.2400,1818.5100,47.0600,74.0800,152.3200,300.7600,78.5800,12.1400,28164.0000,85.7700,196.3000,57.0700,93.0500,74.6100,5.8300,45.2200,106.3700,141.3400,101.5100,75.0400,289.4500
2019-11-26,119.1900,148.1900,137.1700,122.2600,164.2800,467.3100,59.8900,30.9600,29.5300,49.0000,19.2300,27.0400,312.4900,42.3400,1796.9400,47.1000,75.1600,152.0300,301.2400,79.0500,12.1900,28121.6797,84.5600,194.0100,57.4600,92.7600,74.3200,5.8400,44.6800,105.3200,140.0800,99.3000,74.9400,287.2400
2019-11-25,118.9200,145.2500,137.1800,120.5100,158.0800,466.0600,59.3800,30.8700,29.1100,48.9400,19.4200,27.0000,315.5500,42.6700,1773.8400,46.8000,74.5500,151.2300,299.0500,79.0900,12.1100,28066.4707,83.7500,191.8900,56.3500,92.5200,73.2200,5.8900,44.5000,103.0900,137.9800,98.4300,76.5800,293.8900
2019-11-22,119.3600,146.2600,138.0700,120.2900,158.7500,468.5000,59.7500,29.3600,29.5600,46.4600,19.6600,27.0500,310.4800,42.7200,1745.7200,46.8300,73.1600,149.5900,299.3100,79.0800,12.1100,27875.6191,83.0200,193.1400,56.1100,91.7800,71.8500,5.9500,43.6800,101.2200,136.2500,96.6300,75.3100,291.8300
2019-11-21,119.8600,145.0200,136.4400,120.3400,155.9100,474.6500,59.6100,29.8000,29.4600,46.7600,19.4600,26.7000,311.6900,41.7400,1734.7100,46.8400,69.9200,149.4800,300.2700,78.5700,12.2000,27766.2891,82.3000,192.3500,55.3100,90.9700,72.0100,5.9700,43.0200,99.0800,132.9800,94.7000,74.9400,293.7300
2019-11-20,119.1300,146.3800,135.9400,122.2900,158.9300,479.0800,59.4800,29.1000,28.0300,43.9500,19.6300,26.5900,305.1600,40.5700,1745.5300,48.2800,70.9900,149.6200,300.5700,78.4300,11.9000,27821.0898,83.6000,194.1300,55.6700,91.7000,71.7200,6.0100,43.6700,99.2600,132.7100,94.3100,74.9200,292.7000
2019-11-19,119.8900,146.5100,134.8200,121.4200,153.9100,478.9700,59.5000,29.2400,27.0500,44.1500,19.7800,26.8700,302.6000,40.0600,1752.7900,48.1600,69.6400,150.3900,302.2400,79.1900,11.5700,27934.0195,83.6600,193.4400,57.0700,93.2900,71.4600,6.1400,44.4900,100.2100,135.4700,94.8800,75.3500,292.7200
2019-11-18,120.2500,145.7400,134.8300,121.8900,160.1200,474.0700,59.4400,30.2500,26.7500,44.8600,19.9400,27.0100,302.5700,40.9900,1752.5300,48.0400,70.0800,150.3400,304.5400,80.0500,11.9000,28036.2207,84.0200,194.2800,57.0800,92.7700,71.5100,6.3229,44.7000,100.1700,135.6800,95.1400,75.1000,294.0000
2019-11-15,118.8700,145.3000,134.9400,120.5400,157.3000,475.6000,59.5100,27.2300,26.7900,43.0400,19.8600,26.7500,295.0300,39.7900,1739.4900,47.2800,70.0100,149.9700,303.6600,79.6500,12.0800,28004.8906,84.2100,193.9700,56.8500,92.5100,71.4500,6.3350,44.8500,99.6900,135.5200,95.6700,74.2900,297.8200
2019-11-14,120.6500,146.2800,130.9600,120.5000,148.7000,479.9700,59.3400,25.9300,25.9900,41.9200,19.9000,26.9100,289.6200,38.5000,1754.6000,47.0700,67.7400,148.0600,304.5900,79.1100,11.9100,27781.9609,84.3800,194.0000,56.5500,92.5200,70.1000,6.3600,44.4400,98.8500,134.5500,95.5800,72.9400,282.0100
2019-11-13,120.9800,147.2900,131.2700,120.6500,142.3700,480.1600,59.4100,25.9800,26.7100,43.3000,19.8700,27.0600,283.1100,36.6300,1753.1100,47.3700,68.0100,147.3100,302.9000,79.2800,11.9600,27783.5898,83.9400,195.0000,56.5000,92.4200,71.0300,6.3300,44.0600,97.7600,133.6500,95.6000,72.8200,283.7400
2019-11-12,119.1200,145.3600,131.3500,119.2700,135.3500,474.0700,59.3200,24.6900,26.7000,42.3300,19.8200,27.0000,292.0100,37.3100,1778.0000,46.3800,68.0000,147.0700,300.5000,79.0800,11.8700,27691.4902,83.3200,193.2800,57.2200,92.7200,70.0100,6.1400,44.4800,98.0900,132.5300,95.6600,72.3500,283.6700
2019-11-11,119.0400,146.8800,131.9800,119.3300,129.2100,473.5000,59.6100,24.0400,27.1400,42.9700,19.6450,26.6100,294.1800,37.1600,1771.6500,46.0700,68.3900,146.1100,300.8400,78.7100,11.8900,27691.4902,82.4300,192.6400,57.2100,93.5300,67.7300,6.0900,44.6800,98.1300,131.7500,99.0700,71.7300,279.1500
2019-11-08,119.4400,148.0000,133.0000,119.7000,121.9400,469.7500,59.3500,23.5200,27.0100,43.2300,19.8300,27.0200,291.5700,36.1900,1785.8800,46.2500,69.8500,145.9600,302.6200,78.4800,11.9900,27681.2402,81.7700,193.6100,57.5800,93.4400,68.4200,6.0900,45.0500,99.0900,133.2000,101.3200,72.4700,282.0900
2019-11-07,120.2300,147.0200,131.4300,119.6200,118.4600,468.4400,60.5300,22.6300,27.3800,43.2900,19.7500,26.8600,289.5700,34.6100,1788.2000,46.4200,66.8100,144.2600,305.2100,78.3800,11.8800,27674.8008,81.9500,193.0800,57.6600,93.8000,62.7100,6.3400,45.0500,98.9300,133.0600,98.2900,71.7800,279.7700
2019-11-06,119.5000,148.6500,130.9600,120.3200,141.0500,469.0300,60.1300,23.0200,26.9400,42.9200,19.9200,27.0000,288.5900,36.1400,1795.7700,46.6000,66.8300,144.0600,301.5700,79.3300,11.8100,27492.5605,82.9900,194.1800,57.5800,93.3400,61.5400,6.4200,44.3700,99.5700,132.5800,135.3600,70.9300,277.3200
2019-11-05,118.8600,147.8300,130.4200,118.9000,139.5700,473.2500,59.5000,22.7400,28.0200,41.3700,20.3500,27.8300,288.0300,35.6400,1801.7100,46.4900,66.8900,144.4600,299.1800,79.1000,11.9300,27492.6309,81.8900,192.1800,57.5100,93.1200,59.9800,6.3400,44.8600,100.1500,133.6900,135.0200,67.3200,273.0000
2019-11-04,117.5700,146.5000,130.2300,119.0700,140.5100,473.5000,59.8700,24.6100,31.0800,42.8300,20.1300,24.9900,292.8600,35.0100,1804.6600,46.3400,70.1200,144.5500,296.8200,79.4200,11.8100,27462.1094,82.3700,188.6600,56.8800,92.3900,61.0800,6.4400,44.2100,97.9900,130.1600,135.2000,68.0400,271.7200
2019-11-01,117.6200,147.0400,131.2000,123.8700,146.5000,476.4800,60.3700,24.9900,31.3700,42.9800,19.4800,24.9900,286.8100,33.7200,1791.4400,46.5400,70.3900,143.7200,296.0900,79.3600,11.6900,27347.3594,83.2100,193.9400,56.0200,91.6500,63.0300,6.4500,42.9500,96.3100,128.0800,137.8000,67.2400,270.7500
2019-10-31,117.2600,147.6900,132.0400,124.5100,147.2000,467.8600,60.4700,23.8700,31.5000,41.4400,19.4100,24.6400,287.4100,34.0600,1776.6600,46.3100,69.8900,143.3700,297.1100,80.7700,11.3000,27046.2305,84.5600,196.7000,55.0800,90.8400,63.6600,6.5000,42.8900,96.9600,126.5500,136.6600,66.3900,269.0800
2019-10-30,118.1000,150.8000,132.8400,124.9400,149.4300,468.7800,60.8200,23.7200,33.7500,44.1100,18.7500,24.7400,291.4500,34.0000,1779.9900,46.2700,70.0000,144.6100,299.8400,80.9500,11.4700,27186.6895,84.1900,196.8900,55.3200,91.6700,64.1100,6.4000,43.2100,97.3200,126.4400,136.4500,67.0500,273.4600
2019-10-29,117.1500,149.4600,129.1244,123.6000,147.2400,464.0700,60.1900,23.1800,32.4200,43.6800,18.9900,24.6300,281.2100,33.1100,1762.7100,46.4900,65.4900,142.8300,295.8600,80.3300,11.5800,27071.4609,84.1300,192.6200,55.3800,91.0300,63.4600,6.4000,44.1600,97.3100,126.5300,137.1500,65.8900,272.6400
2019-10-28,119.2200,150.7700,129.1800,123.4800,146.8800,467.0900,60.1800,21.4600,33.2200,44.4200,19.2600,25.3300,281.8600,58.3900,1777.0800,46.5600,66.5600,144.1900,298.9400,80.9800,11.6500,27090.7207,83.6000,191.7800,55.1700,92.1900,62.2300,6.2250,44.1800,97.1900,126.6000,138.0900,65.8800,267.6700
2019-10-25,119.0400,151.4000,128.3500,123.2500,133.7400,462.1900,60.3700,22.4000,32.7100,44.5400,18.9400,25.2800,276.8200,59.0200,1761.3300,46.4600,63.4500,140.7300,296.5000,81.8300,11.8300,26958.0605,83.3800,194.6100,54.6000,91.6400,61.0400,6.2300,44.5700,97.6900,126.1800,137.0600,65.1000,263.0700
2019-10-24,119.1000,150.7600,127.5000,124.7900,131.2200,435.0700,60.5800,21.3400,33.2800,43.7200,18.7100,24.9300,271.5000,56.3400,1780.7800,47.0800,64.5200,139.9400,297.0500,91.6000,11.7300,26805.5293,83.1800,196.0200,53.7900,89.8100,61.1100,6.1100,43.9000,96.9100,124.3000,137.1400,64.8400,259.4900
2019-10-23,119.3500,149.8100,129.9000,123.0000,128.7600,435.5600,60.8800,21.0800,33.0500,43.0800,19.0500,24.9800,271.2700,56.2300,1762.1700,47.8000,62.0600,137.2400,297.3200,91.4600,11.6500,26833.9492,82.7400,199.2100,53.8100,89.9000,60.1200,6.0600,44.0000,95.7700,123.4900,138.3100,65.6000,263.5100
2019-10-22,119.5800,148.4400,129.2000,122.1800,129.0600,437.2300,60.7700,21.1600,32.5300,43.5600,19.1000,24.8500,266.6900,56.1400,1765.7300,47.6700,62.0000,136.3700,299.9700,91.8900,11.3400,26788.0996,83.4600,199.2700,54.6500,89.7100,60.4600,6.0500,42.5500,90.7300,122.0500,136.6500,66.5600,260.2500
2019-10-21,119.7400,149.0700,128.0200,119.0800,133.0300,438.1600,60.7500,22.2600,31.4100,40.8800,18.3650,24.1100,278.0500,55.7600,1785.6600,47.8900,65.7700,138.4300,301.0800,93.4300,11.2100,26827.6406,85.3500,209.8500,54.5800,90.7800,60.2600,6.1000,43.1200,92.3900,123.0000,136.2600,65.7000,253.0700
